학정번호,과목명,분반,이수,학점,시수,교수,요일,시간,요일,시간,비고
W1,광운인되기,2016학번부터_전체필수,교필,1,1,이승영,,,,,온라인강의100 1학기_또는_2학기_이수
W3A2C1,대학영어,,교필,3,3,브라이언,월,2,수,1,
W3A1C2,대학영어,전자정보공과대학_공통,교필,3,3,로라,월,1,수,2,
W3A3C4,대학영어,,교필,3,3,로라,월,3,수,4,
W3A4C3,대학영어,,교필,3,3,마이클다우니,월,4,수,3,
W3A5C6,대학영어,,교필,3,3,김지희,월,5,수,6,
W3A6C5,대학영어,,교필,3,3,제프리,월,6,수,5,
W3B1D2,대학영어,,교필,3,3,강희원,화,1,목,2,
W3B2D1,대학영어,,교필,3,3,강희원,화,2,목,1,
W3B3D4,대학영어,,교필,3,3,켈리,화,3,목,4,
W3B4D3,대학영어,,교필,3,3,이종국,화,4,목,3,
W3B5D6,대학영어,,교필,3,3,졸지,화,5,목,6,
W3B6D5,대학영어,,교필,3,3,로렌,화,6,목,5,
W3E1E2,대학영어,,교필,3,3,이진영,금,1,금,2,
W3E3E4,대학영어,,교필,3,3,박경임,금,3,금,4,
W3E5E6,대학영어,,교필,3,3,이진영,금,5,금,6,
W3A1C2,대학영어,,교필,3,3,켈리,월,1,수,2,
W3E5E6,대학영어,,교필,3,3,토미,금,5,금,6,
W3A2C1,대학영어,자연과학대학_공통,교필,3,3,에이미,월,2,수,1,
W3A3C4,대학영어,,교필,3,3,고현아,월,3,수,4,
W3A6C5,대학영어,,교필,3,3,고현아,월,6,수,5,
W3B4D3,대학영어,,교필,3,3,브라질,화,4,목,3,
W3B5D6,대학영어,,교필,3,3,이종국,화,5,목,6,
W3E1E2,대학영어,,교필,3,3,최정윤,금,1,금,2,
W3A4C3,대학영어,정책법학대학_공통,교필,3,3,김지희,월,4,수,3,
W3A5C6,대학영어,,교필,3,3,김연정,월,5,수,6,
W3B1D2,대학영어,,교필,3,3,에이미,화,1,목,2,
W3B2D1,대학영어,,교필,3,3,브라이언,화,2,목,1,
W3B3D4,대학영어,,교필,3,3,손영희,화,3,목,4,
W3B6D5,대학영어,,교필,3,3,졸지,화,6,목,5,
W3E3E4,대학영어,,교필,3,3,제프리,금,3,금,4,
W3A1C2,융합적사고와글쓰기,소프트웨어융합대학_공통_(C1~C9),교필,3,3,전도현,월,1,수,2,
W3A2C1,융합적사고와글쓰기,,교필,3,3,전도현,월,2,수,1,
W3A5C6,융합적사고와글쓰기,,교필,3,3,정재훈,월,5,수,6,
W3A6C5,융합적사고와글쓰기,,교필,3,3,정재훈,월,6,수,5,
W3B2D1,융합적사고와글쓰기,,교필,3,3,김광섭,화,2,목,1,
W3B6D5,융합적사고와글쓰기,,교필,3,3,김영건,화,6,목,5,
W3B5D6,융합적사고와글쓰기,,교필,3,3,김영건,화,5,목,6,
W3E1E2,융합적사고와글쓰기,,교필,3,3,전형철,금,1,금,2,
W3E3E4,융합적사고와글쓰기,,교필,3,3,전형철,금,3,금,4,
W3A3C4,융합적사고와글쓰기,공과대학_공통,교필,3,3,김학현,월,3,수,4,
W3A6C5,융합적사고와글쓰기,,교필,3,3,박판식,월,6,수,5,
W3B1D2,융합적사고와글쓰기,,교필,3,3,김광섭,화,1,목,2,
W3B3D4,융합적사고와글쓰기,,교필,3,3,김영범,화,3,목,4,
W3B4D3,융합적사고와글쓰기,,교필,3,3,김영범,화,4,목,3,
W3E1E2,융합적사고와글쓰기,,교필,3,3,정영호,금,1,금,2,
W3E3E4,융합적사고와글쓰기,인문사회과학대학_공통_(R1~R5.M1~M2),교필,3,3,정우신,금,3,금,4,
W3E5E6,융합적사고와글쓰기,,교필,3,3,정우신,금,5,금,6,
W3B5D6,융합적사고와글쓰기,,교필,3,3,박성현,화,5,목,6,
W3A5C6,융합적사고와글쓰기,,교필,3,3,박판식,월,5,수,6,
W3A3C4,융합적사고와글쓰기,,교필,3,3,손미영,월,3,수,4,
W3A4C3,융합적사고와글쓰기,,교필,3,3,손미영,월,4,수,3,
W3A5C6,융합적사고와글쓰기,,교필,3,3,박성현,월,5,수,6,
W3B1D2,융합적사고와글쓰기,,교필,3,3,김문정,화,1,목,2,
W3B3D4,융합적사고와글쓰기,경영대학_공통_(B1~B6),교필,3,3,조영복,화,3,목,4,
W3A4C3,융합적사고와글쓰기,,교필,3,3,김학현,월,4,수,3,
W3B4D3,융합적사고와글쓰기,,교필,3,3,조영복,화,4,목,3,
W3B2D1,융합적사고와글쓰기,,교필,3,3,김문정,화,2,목,1,
W3A1C2,융합적사고와글쓰기,,교필,3,3,유승호,월,1,수,2,
W3B5D6,융합적사고와글쓰기,,교필,3,3,조영복,화,5,목,6,
W3A2C1,융합적사고와글쓰기,,교필,3,3,유승호,월,2,수,1,
W3A5C6,C프로그래밍,E1,교필,3,3,안영아,월,5,수,6,
W3A6C5,C프로그래밍,E2,교필,3,3,안영아,월,6,수,5,
W3B3D4,C프로그래밍,E3,교필,3,3,최희식,화,3,목,4,
W3B4D3,C프로그래밍,E4,교필,3,3,최희식,화,4,목,3,
W3B5D6,C프로그래밍,E5,교필,3,3,이쉬마노프,화,5,목,6,영어100
W3B6D5,C프로그래밍,E6,교필,3,3,이쉬마노프,화,6,목,5,영어100
W3A1C2,C프로그래밍,E7,교필,3,3,김정현,월,1,수,2,
W3A2C1,C프로그래밍,E8,교필,3,3,김정현,월,2,수,1,
W3A3C4,C프로그래밍,J1,교필,3,3,계승철,월,3,수,4,
W3A4C3,C프로그래밍,J2,교필,3,3,계승철,월,4,수,3,
W3A5C6,C프로그래밍,J3,교필,3,3,남기현,월,5,수,6,
W3E1E2,C프로그래밍,J4,교필,3,3,남기현,금,1,금,2,
W3A6C5,C프로그래밍,J5,교필,3,3,이찬수,월,6,수,5,
W3E5E6,C프로그래밍,J6,교필,3,3,이찬수,금,5,금,6,
W3A1C2,C프로그래밍,C1,교필,3,3,최강임,월,1,수,2,
W3A2C1,C프로그래밍,C2,교필,3,3,이기훈,월,2,수,1,영어50
W3A3C4,C프로그래밍,C3,교필,3,3,황호영,월,3,수,4,영어50.온라인50
W3A4C3,C프로그래밍,C4,교필,3,3,임재한,월,4,수,3,온라인50
W3A5C6,C프로그래밍,C5,교필,3,3,심우혁,월,5,수,6,
W3A6C5,C프로그래밍,C6,교필,3,3,심우혁,월,6,수,5,
W3B1D2,프로그래밍기초,C7,교필,3,3,한진섭,화,1,목,2,
W3B2D1,프로그래밍기초,C8,교필,3,3,한진섭,화,2,목,1,
W3B3D4,프로그래밍기초,C9,교필,3,3,서두옥,화,3,목,4,
W3B5D6,컴퓨팅사고,A1,교필,3,3,조수영,화,5,목,6,
W3B6D5,컴퓨팅사고,A2,교필,3,3,조수영,화,6,목,5,
W3E3E4,컴퓨팅사고,K1,교필,3,3,문만기,금,3,금,4,
W3E3E4,컴퓨팅사고,K2,교필,3,3,박세영,금,3,금,4,
W3E5E6,컴퓨팅사고,K3,교필,3,3,박세영,금,5,금,6,
W3B1D2,컴퓨팅사고,R1,교필,3,3,강호석,화,1,목,2,
W3B2D1,컴퓨팅사고,R2,교필,3,3,강호석,화,2,목,1,
W3B3D4,컴퓨팅사고,R3,교필,3,3,강사(미정),화,3,목,4,
W3B4D3,컴퓨팅사고,M1,교필,3,3,김형국,화,4,목,3,
W3E1E2,컴퓨팅사고,M2,교필,3,3,롤랜드,금,1,금,2,영어100.온라인50
W3B6D5,컴퓨팅사고,R4,교필,3,3,최상근,화,6,목,5,
W3B5D6,컴퓨팅사고,R5,교필,3,3,최상근,화,5,목,6,
W3A4C3,컴퓨팅사고,B1,교필,3,3,김형국,월,4,수,3,
W3A5C6,컴퓨팅사고,B2,교필,3,3,이화주,월,5,수,6,
W3A6C5,컴퓨팅사고,B3,교필,3,3,이화주,월,6,수,5,
W3B1D2,컴퓨팅사고,B4.B6,교필,3,3,손광철,화,1,목,2,
W3B2D1,컴퓨팅사고,B5,교필,3,3,유신우,화,2,목,1,
W3A3C4,컴퓨팅사고,N1,교필,3,3,롤랜드,월,3,수,4,영어100.온라인50
W3A2C1,컴퓨팅사고,N2,교필,3,3,김윤기,월,2,수,1,
W3A1C2,컴퓨팅사고,N1.N3.N5,교필,3,3,유신우,월,1,수,2,
W3A4C3,컴퓨팅사고,N4,교필,3,3,롤랜드,월,4,수,3,영어100.온라인50
W3A5C6,컴퓨팅사고,P1,교필,3,3,김대영,월,5,수,6,
W3E5E6,컴퓨팅사고,S1,교필,3,3,문만기,금,5,금,6,
W3E5E6,컴퓨팅사고,S2.S3,교필,3,3,김대영,금,5,금,6,
W3A1C2,컴퓨팅사고,L1~L3,교필,3,3,김보남,월,1,수,2,
W3A2C1,컴퓨팅사고,,교필,3,3,김보남,월,2,수,1,
W3A3C4,컴퓨팅사고,,교필,3,3,김보남,월,3,수,4,
Z3B5D6,공학과디자인,,교선,3,3,유미란,화,5,목,6,
Z3B6D5,공학과디자인,,교선,3,3,유미란,화,6,목,5,
Z3A1A2,공학교양세미나,1학년만_수강가능,교선,3,3,김충혁,월,1,월,2,세미나강의.소규모강의
Z3A5A6,공학교양세미나,1학년만_수강가능,교선,3,3,이승현,월,5,월,6,세미나강의.소규모강의
Z3B3D4,상상공학과표현,,교선,3,3,이보용,화,3,목,4,
Z3B4D3,상상공학과표현,,교선,3,3,이보용,화,4,목,3,
Z3A4C3,생활속의과학,,교선,3,3,김충혁,월,4,수,3,온라인50
Z3A3C4,생활속의과학,,교선,3,3,이도남,월,3,수,4,
Z3B3D4,생활속의과학,,교선,3,3,이도남,화,3,목,4,
Z3C5C6,자연교양세미나,1학년만_수강가능,교선,3,3,이영수,수,5,수,6,세미나강의.소규모강의
Z3A5C6,자연교양세미나,1학년만_수강가능,교선,3,3,김영희,월,5,수,6,세미나강의.소규모강의
Z3A2C1,컴퓨터활용,,교선,3,3,이종용,월,2,수,1,
Z3A1C2,컴퓨터활용,,교선,3,3,롤랜드,월,1,수,2,영어100
Z3A5C6,공학교양심화세미나,2~4학년_수강과목,교선,3,3,이상훈,월,5,수,6,세미나강의.소규모강의
Z3A3C4,모바일프로그래밍기초,,교선,3,3,정영희,월,3,수,4,
Z3A4C3,모바일프로그래밍기초,,교선,3,3,정영희,월,4,수,3,
Z3B3D4,수학과철학의대화,,교선,3,3,최종성,화,3,목,4,융합강의
Z3A5C6,신기술과미래사회,,교선,3,3,김충혁,월,5,수,6,온라인50
Z3A6C5,신기술과미래사회,,교선,3,3,김충혁,월,6,수,5,온라인50
Z3A3C4,인터넷활용,,교선,3,3,이상훈,월,3,수,4,온라인50
Z3E5E6,인터넷활용,,교선,3,3,김진수,금,5,금,6,
Z3E7E8E9,인터넷활용,,교선,3,3,김진수,금,7,금,8,금
Z3B6D5,자연과학사,,교선,3,3,박경순,화,6,목,5,
Z3E5E6,자연과학사,,교선,3,3,박봉주,금,5,금,6,
Z3B4D3,패러독스와논리,,교선,3,3,최종성,화,4,목,3,
Z3A3C4,환경과생태,,교선,3,3,코두루,월,3,수,4,영어100.온라인50
Z3A4C3,환경과생태,,교선,3,3,코두루,월,4,수,3,영어100.온라인50
Z3B3B4,환경문제의융합적이해,,교선,3,3,최상일,화,3,화,4,융합강의
Z3A3C4,미디어아트,,교선,3,3,이상민,월,3,수,4,
Z3A4C3,미디어아트,,교선,3,3,이상민,월,4,수,3,
Z3B5D6,산업화와환경오염,,교선,3,3,현재우,화,5,목,6,
Z3B6D5,산업화와환경오염,,교선,3,3,현재우,화,6,목,5,
Z3A3C4,정보사회와수학,,교선,3,3,김영희,월,3,수,4,융합강의
Z3E1E2,예술과과학의융합,,교선,3,3,유진희,금,1,금,2,
Z3C7C8C9,과학기술윤리,,교선,3,3,박지희,수,7,수,8,수
Z3B3B4,과학기술윤리,,교선,3,3,이재유,화,3,화,4,
Z3B1D2,과학철학의이해,,교선,3,3,박신화,화,1,목,2,
Z3B2D1,과학철학의이해,,교선,3,3,박신화,화,2,목,1,
Z3B5B6,나의역사,,교선,3,3,김희교,화,5,화,6,
Z3B7B8B9,논리적으로사고하기,,교선,3,3,이지영,화,7,화,8,
Z3D1D2,논리적으로사고하기,,교선,3,3,한길석,목,1,목,2,
Z3A3A4,논리적으로사고하기,,교선,3,3,한길석,월,3,월,4,
Z3A1A2,동서양신화읽기와변용,,교선,3,3,고경주,월,1,월,2,
Z3A5A6,동양의역사,,교선,3,3,김동찬,월,5,월,6,
Z3A7A8A9,세계화시대의역사보기,,교선,3,3,김동찬,월,7.8.9,,,
Z1B3B4,심층탐구인간의이해,,교선,1,1,김백영,화,3,화,4,옴니버스형강의
Z3B3D4,언어의이해,,교선,3,3,박성현,화,3,목,4,
Z3B1D2,유럽의과거와현재,,교선,3,3,여금미,화,1,목,2,
Z3C5C6,인간존재의이해,,교선,3,3,이지영,수,5,수,6,
Z3E1E2,인간존재의이해,,교선,3,3,이승준,금,1,금,2,
Z3A7A8A9,인문교양세미나,1학년만_수강가능,교선,3,3,김정권,월,7.8.9,,,세미나강의.소규모강의
Z3A5A6,인문교양세미나,1학년만_수강가능,교선,3,3,김인호,월,5,월,6,세미나강의.소규모강의
Z3B8B9B10,철학적사유로의초대,,교선,3,3,김상원,화,8.9.10,,,
Z3A1C2,한국문화사,,교선,3,3,김인호,월,1,수,2,
Z3B5B6,현대사회와윤리,,교선,3,3,김상원,화,5,화,6,
Z3E3E4,공감적소통연구,,교선,3,3,박지희,금,3,금,4,
Z3A7A8A9,과학기술시대의생명과신체,,교선,3,3,이승준,월,7.8.9,,,
Z3B5D6,동북아근현대사,,교선,3,3,김광열,화,5,목,6,
Z3B4D3,동아시아문학과사회,,교선,3,3,정소영,화,4,목,3,
Z3E3E4,미국의과거와현재,,교선,3,3,김민수,금,3,금,4,
Z3A5C6,미디어로읽는영어의역사,,교선,3,3,노진서,월,5,수,6,
Z3C1C2,세계도시문명사,,교선,3,3,차승현,수,1,수,2,
Z3B5B6,세계문화의이해,,교선,3,3,장수현,화,5,화,6,
Z3D5D6,인문교양심화세미나,2~4학년_수강과목,교선,3,3,김희교,목,5,목,6,세미나강의.소규모강의
Z3E1E2,인물로본한국사,,교선,3,3,윤성재,금,1,금,2,
Z3E3E4,인물로본한국사,외국인만_수강가능,교선,3,3,윤성재,금,3,금,4,외국인전용
Z3B5B6,자아의이해와문학치료,,교선,3,3,도기숙,화,5,화,6,소규모강의
Z3A3C4,한국근현대사,,교선,3,3,김백영,월,3,수,4,
Z3A1A2,한국근현대사,,교선,3,3,김정권,월,1,월,2,
Z3E3E4,뉴미디어와이미지의활용,,교선,3,3,여금미,금,3,금,4,
Z3E1E2,르네상스문화와과학,,교선,3,3,차승현,금,1,금,2,
Z3B3D4,문예작품으로읽는서양문명사,,교선,3,3,노진서,화,3,목,4,
Z3C5C6,자본주의역사,,교선,3,3,김민수,수,5,수,6,
Z3A2C1,한국과학기술문명사,,교선,3,3,김인호,월,2,수,1,
Z3A5A6,현대사상의이해,,교선,3,3,도승연,월,5,월,6,
Z3E5E6,경제와경영,,교선,3,3,송영출,금,5,금,6,
Z3C3E4,글로벌시대의쟁점과현안,,교선,3,3,전진호,수,3,금,4,
Z3E3E4,글로벌시대의쟁점과현안,,교선,3,3,남정호,금,3,금,4,
Z3B5B6,기술경영과마케팅,,교선,3,3,김찬모,화,5,화,6,
Z3D5D6,기술경영과마케팅,,교선,3,3,김찬모,목,5,목,6,
Z3E1E2,법과생활,,교선,3,3,손명지,금,1,금,2,
Z3D3D4,사회과학교양세미나,1학년만_수강가능,교선,3,3,하마처,목,3,목,4,영어100.세미나강의
Z3B1B2,사회과학교양세미나,1학년만_수강가능,교선,3,3,김일식,화,1,화,2,세미나강의.소규모강의
Z1F1F2,사회봉사1,,교선,1,2,손주영,토,1,토,2,
Z3D3D4,사회학의이해,,교선,3,3,김일환,목,3,목,4,
Z3A3C4,사회학의이해,,교선,3,3,박찬종,월,3,수,4,
Z3A1C2,생활속의경제,,교선,3,3,김일식,월,1,수,2,
Z3C5C6,생활속의경제,,교선,3,3,이수욱,수,5,수,6,
Z3A5A6,생활속의회계와세무,,교선,3,3,이수욱,월,5,월,6,
Z3B3B4,성과심리학,,교선,3,3,이정은,화,3,화,4,
Z3B5B6,성과심리학,,교선,3,3,이정은,화,5,화,6,
Z3A2C1,세계경제의이해,,교선,3,3,김일식,월,2,수,1,
Z3E1E2,인간심리의이해,,교선,3,3,김기년,금,1,금,2,
Z3E5E6,정치와현대사회,,교선,3,3,기유정,금,5,금,6,
Z3E1E2,정치와현대사회,,교선,3,3,홍지영,금,1,금,2,
Z3C3C4,한국사회의이해,외국인만_수강가능,교선,3,3,박수경,수,3,수,4,외국인전용
Z3C5C6,한국사회의이해,외국인만_수강가능,교선,3,3,박수경,수,5,수,6,외국인전용
Z3B1B2,21세기동아시아사회의이해,,교선,3,3,공준환,화,1,화,2,
Z3B3B4,21세기동아시아사회의이해,,교선,3,3,공준환,화,3,화,4,
Z3A5A6,국가와행정,,교선,3,3,최영훈,월,5,월,6,
Z3A1A2,국가와행정,,교선,3,3,서승현,월,1,월,2,
Z3E1A2,기업과경영,,교선,3,3,조규진,금,1,월,2,
Z3B5D6,미디어활용과생활,,교선,3,3,레이몬드,화,5,목,6,영어100
Z3B6D5,미디어활용과생활,,교선,3,3,레이몬드,화,6,목,5,영어100
Z3B5B6,범죄와사회,,교선,3,3,이종화,화,5,화,6,
Z3E3E4,법과경제,,교선,3,3,손명지,금,3,금,4,
Z3A3C4,법과권리,,교선,3,3,한재경,월,3,수,4,
Z3E1E2,법논리학,,교선,3,3,이춘원,금,1,금,2,
Z3A3C4,조직과리더쉽,,교선,3,3,손주영,월,3,수,4,
Z3A4C3,조직과리더쉽,,교선,3,3,손주영,월,4,수,3,
Z2,진로탐색,,교선,2,2,김정권,,,,,온라인100
Z3B6D5,탈성장시대의사회와경제,,교선,3,3,박찬종,화,6,목,5,
Z3A4C3,현대한국사회의문제와해법,,교선,3,3,박찬종,월,4,수,3,
Z3D5D6,경제신문읽기,,교선,3,3,이은정,목,5,목,6,
Z3E5E6,경제신문읽기,,교선,3,3,이은정,금,5,금,6,
Z3B7B8B9,여성과남성,,교선,3,3,도기숙,화,7.8.9,,,온라인70
Z2D3D4,취업전략,,교선,2,2,김정권,목,3,목,4,
Z2D5D6,취업전략,,교선,2,2,김정권,목,5,목,6,
Z3B3D4,독일어1,,교선,3,3,조규희,화,3,목,4,
Z3B4D3,독일어1,,교선,3,3,조규희,화,4,목,3,
Z3A3C4,스페인어1,,교선,3,3,남영우,월,3,수,4,
Z3B3D4,스페인어1,,교선,3,3,남영우,화,3,목,4,
Z3B3B4,일본문화읽기,,교선,3,3,유양근,화,3,화,4,
Z3B5D6,일본문화읽기,,교선,3,3,권혁인,화,5,목,6,
Z3B1D2,일본어듣기와쓰기,,교선,3,3,권혁인,화,1,목,2,
Z3B6D5,일본어듣기와쓰기,,교선,3,3,권혁인,화,6,목,5,
Z3A6C5,중국어듣기와쓰기,,교선,3,3,이명숙,월,6,수,5,중국어40
Z3A3C4,초급일본어1,,교선,3,3,이승영,월,3,수,4,일본어50
Z3A1C2,초급일본어1,,교선,3,3,다와라기하루미,월,1,수,2,일본어50
Z3A2C1,초급일본어1,,교선,3,3,다와라기하루미,월,2,수,1,일본어50
Z3B3D4,초급일본어1,,교선,3,3,후지무라마이,화,3,목,4,일본어50
Z3B4D3,초급일본어1,,교선,3,3,후지무라마이,화,4,목,3,일본어50
Z3B1D2,초급일본어1,,교선,3,3,김희성,화,1,목,2,일본어50
Z3B2D1,초급일본어1,,교선,3,3,김희성,화,2,목,1,일본어50
Z3E1E2,초급일본어1,,교선,3,3,이지은,금,1,금,2,일본어50
Z3E3E4,초급일본어1,,교선,3,3,이지은,금,3,금,4,일본어50
Z3C2,초급일본어2,,교선,3,3,이승영,수,2,,,일본어50.온라인50
Z3A6C5,초급일본어생활한자,,교선,3,3,다와라기하루미,월,6,수,5,
Z3E1E2,초급중국어1,,교선,3,3,양은선,금,1,금,2,
Z3E3E4,초급중국어1,,교선,3,3,양은선,금,3,금,4,
Z3B1D2,초급중국어1,,교선,3,3,고영란,화,1,목,2,
Z3B2D1,초급중국어1,,교선,3,3,고영란,화,2,목,1,
Z3A6C5,초급중국어1,,교선,3,3,김정인,월,6,수,5,중국어50
Z3B3D4,초급중국어1,,교선,3,3,김태경,화,3,목,4,중국어50
Z3B4D3,초급중국어1,,교선,3,3,김태경,화,4,목,3,중국어50
Z3A5C6,초급중국어1,,교선,3,3,김정인,월,5,수,6,중국어50
Z3B7B8B9,초급중국어1,,교선,3,3,김수정,화,7.8.9,,,중국어50
Z3B6D5,초급중국어2,,교선,3,3,김수정,화,6,목,5,중국어50
Z3A5C6,HSK연습,,교선,3,3,이명숙,월,5,수,6,중국어30
Z3B2D1,JLPT연습,,교선,3,3,권혁인,화,2,목,1,일본어35
Z3A5C6,생활일본어회화,,교선,3,3,다와라기하루미,월,5,수,6,일본어100
Z3A6C5,생활일본어회화,,교선,3,3,후지무라마이,월,6,수,5,일본어100
Z3A4C3,생활한문,,교선,3,3,김준,월,4,수,3,
Z3B5D6,생활한문,,교선,3,3,김지현,화,5,목,6,
Z3B6D5,생활한문,,교선,3,3,김지현,화,6,목,5,
Z3A5C6,생활한문,,교선,3,3,이철희,월,5,수,6,
Z3A6C5,생활한문,,교선,3,3,이철희,월,6,수,5,
Z3B7B8B9,스크린일본어,,교선,3,3,후지무라마이,화,7.8.9,,,
Z3B5B6,스크린일본어,,교선,3,3,유양근,화,5,화,6,
Z3B6D5,시청각중국어,,교선,3,3,전보옥,화,6,목,5,
Z3A5,실용일본어문법,,교선,3,3,이승영,월,5,,,일본어50.온라인50
Z3B2D1,중국문화지리,,교선,3,3,전보옥,화,2,목,1,
Z3D1D2,Jazz_Rock_Ensemble,음악실기수업,교선,3,3,노정진,목,1,목,2,소규모강의
Z3A5A6,교양음악실기1(바이올린),음악실기수업,교선,3,3,배윤진,월,5,월,6,소규모강의
Z3D3D4,교양음악실기1(색소폰),음악실기수업,교선,3,3,노정진,목,3,목,4,소규모강의
Z3B1B2,교양음악실기1(송라이팅),음악실기수업,교선,3,3,김철수,화,1,화,2,영어100.소규모강의
Z3A5A6,교양음악실기1(첼로),음악실기수업,교선,3,3,정연재,월,5,월,6,소규모강의
Z3C5C6,교양음악실기1(클라리넷),음악실기수업,교선,3,3,김진규,수,5,수,6,소규모강의
Z3A3A4,교양음악실기1(클래식기타),음악실기수업,교선,3,3,유태성,월,3,월,4,소규모강의
Z3D1D2,교양음악실기1(키보드테크닉),음악실기수업,교선,3,3,김철수,목,1,목,2,영어100.소규모강의
Z3B5B6,교양음악실기1(플루트),음악실기수업,교선,3,3,조선낭,화,5,화,6,소규모강의
Z3C1C2,힙합프로듀싱1,음악실기수업,교선,3,3,김철수,수,1,수,2,영어100.소규모강의
Z3A7A8A9,교양음악실기2(바이올린),음악실기수업,교선,3,3,배윤진,월,7.8.9,,,소규모강의
Z3D5D6,교양음악실기2(플루트),음악실기수업,교선,3,3,조선낭,목,5,목,6,소규모강의
Z3A5A6,교양음악실기2(클래식기타),음악실기수업,교선,3,3,유태성,월,5,월,6,소규모강의
Z3D3D4,교양음악실기2(키보드테크닉),음악실기수업,교선,3,3,김철수,목,3,목,4,영어100.소규모강의
Z3C7C8C9,실내악앙상블1,음악실기수업,교선,3,3,김진규,수,7.8.9,,,소규모강의
Z3C5C6,드로잉,미술실기수업,교선,3,3,김문석,수,5,수,6,소규모강의
Z3B5B6,드로잉,미술실기수업,교선,3,3,윤지현,화,5,화,6,소규모강의
Z3C1C2,일러스트레이션,미술실기수업,교선,3,3,김문석,수,1,수,2,소규모강의
Z3B3B4,일러스트레이션,미술실기수업,교선,3,3,윤지현,화,3,화,4,소규모강의
Z2E3E4,골프,체육실기수업,교선,2,2,설수황,금,3,금,4,소규모강의
Z2E5E6,골프,체육실기수업,교선,2,2,설수황,금,5,금,6,소규모강의
Z2A3A4,댄스스포츠,체육실기수업,교선,2,2,진지형,월,3,월,4,소규모강의
Z2D5D6,수상스키,체육실기수업,교선,2,2,최석환,목,5,목,6,소규모강의
Z2C3C4,스케이팅,체육실기수업,교선,2,2,정재은,수,3,수,4,소규모강의
Z2C5C6,스케이팅,체육실기수업,교선,2,2,정재은,수,5,수,6,소규모강의
Z2C1C2,승마,체육실기수업,교선,2,2,박석,수,1,수,2,소규모강의
Z2C3C4,승마,체육실기수업,교선,2,2,박석,수,3,수,4,소규모강의
Z2B1B2,요가,체육실기수업,교선,2,2,홍승연,화,1,화,2,소규모강의
Z2B3B4,요가,체육실기수업,교선,2,2,홍승연,화,3,화,4,소규모강의
Z2A5A6,웰니스트레이닝,체육실기수업,교선,2,2,진지형,월,5,월,6,소규모강의
Z2C5A6,웰니스트레이닝,체육실기수업,교선,2,2,박재호,수,5,월,6,소규모강의
Z2A1A2,윈드서핑,체육실기수업,교선,2,2,유정완,월,1,월,2,소규모강의
Z2C3C4,축구,체육실기수업,교선,2,2,남용우,수,3,수,4,소규모강의
Z2C5C6,축구,체육실기수업,교선,2,2,남용우,수,5,수,6,소규모강의
Z2D3D4,탁구,체육실기수업,교선,2,2,박현애,목,3,목,4,소규모강의
Z2D5D6,탁구,체육실기수업,교선,2,2,박현애,목,5,목,6,소규모강의
Z2C1C2,호신술,체육실기수업,교선,2,2,박재호,수,1,수,2,소규모강의
Z2C3C4,호신술,체육실기수업,교선,2,2,박재호,수,3,수,4,소규모강의
Z3C5C6,대중문화와삶,,교선,3,3,하효숙,수,5,수,6,
Z3C7C8C9,대중문화와삶,,교선,3,3,하효숙,수,7.8.9,,,
Z1D5D6,심층탐구예술의이해,,교선,1,1,노정진,목,5,목,6,옴니버스형강의
Z3B1D2,영화의이해,,교선,3,3,김서영,화,1,목,2,영어100
Z3A5A6,영화의이해,,교선,3,3,이대범,월,5,월,6,
Z3A7A8A9,영화의이해,,교선,3,3,이대범,월,7.8.9,,,
Z3E3E4,대중음악의역사,,교선,3,3,김철수,금,3,금,4,영어100
Z3A5C6,음악의이해,,교선,3,3,조선낭,월,5,수,6,
Z3A6C5,음악의이해,,교선,3,3,조선낭,월,6,수,5,
Z3B5D6,인간과예술,,교선,3,3,김서영,화,5,목,6,영어100
Z3B6D5,인간과예술,,교선,3,3,김서영,화,6,목,5,영어100
Z3A3C4,전통재즈의역사,,교선,3,3,노정진,월,3,수,4,영어100
Z3A4C3,전통재즈의역사,,교선,3,3,노정진,월,4,수,3,영어100
Z3C3C4,한국의문화유산,외국인만_수강가능,교선,3,3,신선혜,수,3,수,4,외국인전용
Z3C5C6,한국의문화유산,외국인만_수강가능,교선,3,3,신선혜,수,5,수,6,외국인전용
Z3D5D6,현대사회와스포츠,,교선,3,3,한지영,목,5,목,6,
Z3C7C8C9,현대사회와스포츠,,교선,3,3,구송광,수,7.8.9,,,
Z3,생활속의디자인,,교선,3,3,김문석,,,,,온라인100
Z3D1D2,운동과건강,,교선,3,3,이시은,목,1,목,2,
Z3B1D2,운동과건강,,교선,3,3,성기운,화,1,목,2,
Z3A2C1,영어회화,,교선,3,3,로라,월,2,수,1,소규모강의
Z3A3C4,영어회화,,교선,3,3,브라이언,월,3,수,4,소규모강의
Z3A3C4,영어회화,,교선,3,3,에이미,월,3,수,4,소규모강의
Z3A4C3,영어회화,,교선,3,3,브라이언,월,4,수,3,소규모강의
Z3A4C3,영어회화,,교선,3,3,토미,월,4,수,3,소규모강의
Z3A5C6,영어회화,,교선,3,3,마이클다우니,월,5,수,6,소규모강의
Z3A6C5,영어회화,,교선,3,3,마이클다우니,월,6,수,5,소규모강의
Z3B1D2,영어회화,,교선,3,3,켈리,화,1,목,2,소규모강의
Z3B2D1,영어회화,,교선,3,3,에이미,화,2,목,1,소규모강의
Z3B3D4,영어회화,,교선,3,3,브라질,화,3,목,4,소규모강의
Z3B4D3,영어회화,,교선,3,3,로렌,화,4,목,3,소규모강의
Z3B5D6,영어회화,,교선,3,3,브라질,화,5,목,6,소규모강의
Z3B4D3,영어회화,,교선,3,3,졸지,화,4,목,3,소규모강의
Z3E1E2,영어회화,,교선,3,3,제프리,금,1,금,2,소규모강의
Z3E3E4,영어회화,,교선,3,3,토미,금,3,금,4,소규모강의
Z3A6C5,기초영작문,,교선,3,3,김연정,월,6,수,5,
Z3E1E2,기초영작문,,교선,3,3,노진서,금,1,금,2,
Z3,대학영문법,,교선,3,3,김용범,,,,,온라인100
Z3B5D6,대학영문법,,교선,3,3,이일재,화,5,목,6,
Z3A4C3,생활영어번역,,교선,3,3,박경임,월,4,수,3,
Z3B2D1,영어듣기연습,,교선,3,3,켈리,화,2,목,1,
Z3A2C1,영어발음연습,,교선,3,3,켈리,월,2,수,1,
Z3B2D1,중급영어회화,,교선,3,3,졸지,화,2,목,1,
Z3A3C4,중급영어회화,,교선,3,3,마이클다우니,월,3,수,4,
Z3B5D6,중급영어회화,,교선,3,3,로렌,화,5,목,6,
Z3B3D4,중급영어회화,,교선,3,3,로렌,화,3,목,4,
Z3E3E4,중급영어회화,,교선,3,3,브라질,금,3,금,4,
Z3B1D2,시사토픽과토론,,교선,3,3,브라이언,화,1,목,2,
Z3E5E6,시사토픽과토론,,교선,3,3,마이클다우니,금,5,금,6,
Z3A7A8A9,영미문화읽기,,교선,3,3,노진서,월,7.8.9,,,
Z3A1C2,영미문화읽기,,교선,3,3,에이미,월,1,수,2,
Z3B6D5,영어프리젠테이션,,교선,3,3,브라질,화,6,목,5,
Z3E1E2,영어프리젠테이션,,교선,3,3,로라,금,1,금,2,
Z3A3C4,이공계영어글쓰기,,교선,3,3,제프리,월,3,수,4,
Z3A5C6,인문사회계영어글쓰기,,교선,3,3,토미,월,5,수,6,
Z3E3E4,고급영문독해,,교선,3,3,고현아,금,3,금,4,
Z3A4C3,비즈니스영어,,교선,3,3,제프리,월,4,수,3,
Z3E5E6,비즈니스영어,,교선,3,3,로렌,금,5,금,6,
Z3A3C4,취업영어와인터뷰,,교선,3,3,토미,월,3,수,4,
Z3A5C6,취업영어와인터뷰,,교선,3,3,로라,월,5,수,6,
Z3E3E4,취업영어와인터뷰,,교선,3,3,졸지,금,3,금,4,
Z3E1E2,글쓰기연습,외국인만_수강가능,교선,3,3,김도연,금,1,금,2,외국인전용
Z3E1E2,글쓰기연습,외국인만_수강가능,교선,3,3,박효정,금,1,금,2,외국인전용
Z3E1E2,글쓰기연습,외국인만_수강가능,교선,3,3,김선미,금,1,금,2,외국인전용
Z3E1E2,글쓰기연습,외국인만_수강가능,교선,3,3,이경수,금,1,금,2,외국인전용
Z3E3E4,글쓰기연습,외국인만_수강가능,교선,3,3,신승은,금,3,금,4,외국인전용
Z3E3E4,글쓰기연습,외국인만_수강가능,교선,3,3,강수정,금,3,금,4,외국인전용
Z3E3E4,글쓰기연습,외국인만_수강가능,교선,3,3,쩐반뜨,금,3,금,4,외국인전용
Z3E3E4,시사한국어,외국인만_수강가능,교선,3,3,정영호,금,3,금,4,외국인전용
Z3A1C2,한국어문법,외국인만_수강가능,교선,3,3,이주민,월,1,수,2,외국인전용
Z3A1C2,한국어문법,외국인만_수강가능,교선,3,3,이영진,월,1,수,2,외국인전용
Z3A1C2,한국어문법,외국인만_수강가능,교선,3,3,김지선,월,1,수,2,외국인전용
Z3A2C1,한국어문법,외국인만_수강가능,교선,3,3,이주민,월,2,수,1,외국인전용
Z3A2C1,한국어문법,외국인만_수강가능,교선,3,3,이영진,월,2,수,1,외국인전용
Z3B1D2,한국어텍스트읽기,외국인만_수강가능,교선,3,3,소열녕,화,1,목,2,외국인전용
Z3B1D2,한국어텍스트읽기,외국인만_수강가능,교선,3,3,김수미,화,1,목,2,외국인전용
Z3B1D2,한국어텍스트읽기,외국인만_수강가능,교선,3,3,강사(미정),화,1,목,2,외국인전용
Z3B2D1,한국어텍스트읽기,외국인만_수강가능,교선,3,3,쩐반뜨,화,2,목,1,외국인전용
Z3B2D1,한국어텍스트읽기,외국인만_수강가능,교선,3,3,김수미,화,2,목,1,외국인전용
Z3B5D6,한국어표현연습,외국인만_수강가능,교선,3,3,채상우,화,5,목,6,외국인전용
Z3A5C6,한국어표현연습,외국인만_수강가능,교선,3,3,장지영,월,5,수,6,외국인전용
Z3A3A4,논리적글쓰기,외국인만_수강가능,교선,3,3,신승은,월,3,월,4,외국인전용
Z3C3C4,논리적글쓰기,외국인만_수강가능,교선,3,3,강수정,수,3,수,4,외국인전용
Z3A3A4,논리적글쓰기,외국인만_수강가능,교선,3,3,김선미,월,3,월,4,외국인전용
Z3C3C4,논리적글쓰기,외국인만_수강가능,교선,3,3,김지선,수,3,수,4,외국인전용
Z3A3A4,논리적글쓰기,외국인만_수강가능,교선,3,3,김도연,월,3,월,4,외국인전용
Z3C3C4,논리적글쓰기,외국인만_수강가능,교선,3,3,박효정,수,3,수,4,외국인전용
Z3A3A4,논리적글쓰기,외국인만_수강가능,교선,3,3,쩐반뜨,월,3,월,4,외국인전용
Z3B3D4,한국어발표와토론,외국인만_수강가능,교선,3,3,소열녕,화,3,목,4,외국인전용
Z3B3D4,한국어발표와토론,외국인만_수강가능,교선,3,3,변성연,화,3,목,4,외국인전용
Z3B3D4,한국어발표와토론,외국인만_수강가능,교선,3,3,강사(미정),화,3,목,4,외국인전용
Z3B4D3,한국어발표와토론,외국인만_수강가능,교선,3,3,소열녕,화,4,목,3,외국인전용
Z3B4D3,한국어발표와토론,외국인만_수강가능,교선,3,3,변성연,화,4,목,3,외국인전용
Z3B4D3,한국어발표와토론,외국인만_수강가능,교선,3,3,이경수,화,4,목,3,외국인전용
Z3,상상과창조,,교선,3,3,한양대학교_김소현/이태희,,,,,온라인강의100
Z3,문화콘텐츠스토리텔링전략,,교선,3,3,한양대학교_송화,,,,,온라인강의100
Z3,문화기술과사회변동,,교선,3,3,한양대학교_두일철,,,,,온라인강의100
Z3,기업경영과비즈니스전략,,교선,3,3,한양대학교_박준용,,,,,온라인강의100
Z3,21세기기업의인재상,,교선,3,3,광운대학교_김정권,,,,,온라인강의100
Z3,생활속의계약과협상,,교선,3,3,광운대학교_심상렬,,,,,온라인강의100
Z3,정보사회학입문,,교선,3,3,한양대학교_윤영민,,,,,온라인강의100
Z2,저작권과스마트폰의이해,,교선,2,2,건국대학교_정연덕,,,,,온라인강의100
Z3,철학과인간가치,,교선,3,3,한양대학교_정연재,,,,,온라인강의100
Z3,행복한금융생활,,교선,3,3,광운대학교_송영출,,,,,온라인강의100
Z3,화폐와금융의과거.현재그리고미래,,교선,3,3,광운대학교_현정환,,,,,온라인강의100
Z3,모두의스타트업코딩,,교선,3,3,건국대학교_송용준,,,,,온라인강의100
Z3,음식과세계문화,,교선,3,3,덕성여자대학교_김건희,,,,,온라인강의100
Z3,그린IT의이해,,교선,3,3,한성대학교_조세홍/김일민,,,,,온라인강의100
Z3,고객관계관리전략,,교선,3,3,한성대학교_김형수,,,,,온라인강의100
Z3,글로벌시대의예술과가치,,교선,3,3,광운대학교_도승연,,,,,온라인강의100
Z3,웰니스와삶의질,,교선,3,3,세종대학교_김상국,,,,,온라인강의100
Z3,색채심리와현대생활,,교선,3,3,광운대학교_김문석,,,,,온라인강의100
Z3,성공하는문화콘텐츠소재개발전략,,교선,3,3,한양대학교_공정배,,,,,온라인강의100
Z3,전략적의사결정과문제해결,,교선,3,3,광운대학교_박종구,,,,,온라인강의100
Z3,채움과비움_나이듦의인문학적이해,,교선,3,3,한양대학교_윤성호,,,,,온라인강의100
Z3,현대사회와신소재,,교선,3,3,광운대학교_손희상,,,,,온라인강의100
Z2,취업리더십1_성공DNA,,교선,2,2,한양대학교_송영수/이태희,,,,,온라인강의100
Z3,긍정컴퓨팅을통한인간과인공지능의공존,,교선,3,3,광운대학교_김형국,,,,,온라인강의100
Z3,연애시의극장_보고듣고말하는한국의연애시,,교선,3,3,조영복,,,,,온라인100
Z3,연애시의극장_보고듣고말하는한국의연애시,외국인만_수강가능,교선,3,3,조영복,,,,,온라인100
Z3,한국영화사로보는가족,,교선,3,3,강성률,,,,,온라인100
Z3,한국영화사로보는가족,외국인만_수강가능,교선,3,3,강성률,,,,,온라인100
Z3,플라즈마와건강그리고생활문화,,교선,3,3,최은하,,,,,온라인100
Z3,플라즈마와건강그리고생활문화,외국인만_수강가능,교선,3,3,최은하,,,,,온라인100
Z3,수학사개론,,교선,3,3,허민,,,,,온라인100
Z3,수학사개론,외국인만_수강가능,교선,3,3,허민,,,,,온라인100
Z3,세계도시서울의인문사회학,,교선,3,3,김백영,,,,,온라인100
Z3,세계도시서울의인문사회학,외국인만_수강가능,교선,3,3,김백영,,,,,온라인100
Z2A7A8,교육과정,,교직,2,2,김효선,월,7,월,8,
Z2A1A2,교육방법및교육공학,,교직,2,2,김난희,월,1,월,2,
Z2E1E2,교육심리,,교직,2,2,김경령,금,1,금,2,
Z2E7E8,교육학개론,,교직,2,2,방재임,금,7,금,8,
Z2C5C6,특수교육학개론,,교직,2,2,부인앵,수,5,수,6,
Z2E5E6,평생교육론,,교직,2,2,방재임,금,5,금,6,
Z2C5C6,부모교육론,,교직,2,2,김성길,수,5,수,6,
Z2C3C4,교육실습,,교직,2,2,박경애,수,3,수,4,
Z2E3E4,교직실무,,교직,2,2,김경령,금,3,금,4,
Z2F1F2,교육봉사활동,,교직,2,2,최윤희,토,1,토,2,
Y3A5A6,교직논리및논술(공업),합반,전선,3,3,김효선,월,5,월,6,
Y3A5A6,교직논리및논술(상업정보),,전선,3,3,김효선,월,5,월,6,
Z3B1D1D2,안보학(군사학1-1),,무관,3,4,,화,1,목,1.2,
Z3B1D1D2,조직리더십(군사학2-1),,무관,3,4,,화,1,목,1.2,
